PerNo,PerStatus
1,0
3,0
7,0
15,0
16,0
18,0
19,0
22,0
23,0
24,0
26,0
31,0
34,0
35,0
40,0
41,0
43,0
45,0
51,0
55,0
56,0
57,0
59,0
62,0
65,0
68,0
69,0
71,0
72,0
73,0
78,0
80,0
84,0
85,0
87,0
89,0
96,0
98,0
100,0
102,0
107,0
109,0
112,0
113,0
118,0
120,0
121,0
128,0
133,0
135,0
137,0
138,0
140,0
143,0
145,0
146,0
147,0
150,0
153,0
155,0
158,0
159,0
160,0
162,0
163,0
165,0
169,0
170,0
171,0
177,0
179,0
186,0
194,0
195,0
197,0
203,0
204,0
206,0
210,0
212,0
214,0
220,0
224,0
227,0
235,0
238,0
241,0
243,0
244,0
245,0
249,0
252,0
259,0
260,0
266,0
267,0
269,0
271,0
272,0
273,0
274,0
276,0
281,0
282,0
283,0
287,0
289,0
290,0
291,0
294,0
302,0
303,0
306,0
309,0
311,0
313,0
318,0
321,0
322,0
325,0
327,0
332,0
333,0
334,0
338,0
339,0
341,0
342,0
343,0
344,0
345,0
349,0
350,0
352,0
353,0
355,0
358,0
361,0
364,0
365,0
366,0
368,0
369,0
372,0
376,0
377,0
378,0
379,0
380,0
382,0
385,0
387,0
389,0
392,0
394,0
398,0
402,0
403,0
405,0
408,0
410,0
412,0
413,0
414,0
421,0
424,0
425,0
426,0
429,0
430,0
435,0
438,0
439,0
447,0
448,0
452,0
455,0
456,0
458,0
462,0
465,0
468,0
469,0
470,0
471,0
475,0
477,0
478,0
479,0
484,0
488,0
489,0
494,0
496,0
498,0
499,0
503,0
505,0
508,0
514,0
520,0
522,0
523,0
525,0
530,0
534,0
535,0
537,0
540,0
545,0
552,0
554,0
555,0
557,0
559,0
561,0
567,0
569,0
574,0
576,0
583,0
585,0
586,0
589,0
590,0
594,0
597,0
598,0
599,0
603,0
604,0
609,0
614,0
619,0
621,0
622,0
623,0
629,0
633,0
634,0
636,0
637,0
641,0
643,0
648,0
649,0
650,0
651,0
656,0
658,0
659,0
660,0
662,0
663,0
664,0
666,0
667,0
670,0
671,0
672,0
675,0
676,0
677,0
678,0
679,0
684,0
686,0
694,0
699,0
703,0
707,0
709,0
711,0
713,0
718,0
723,0
728,0
730,0
731,0
732,0
734,0
735,0
736,0
737,0
739,0
740,0
741,0
743,0
744,0
748,0
749,0
750,0
751,0
754,0
755,0
756,0
760,0
762,0
764,0
766,0
767,0
769,0
770,0
771,0
772,0
774,0
779,0
781,0
782,0
783,0
784,0
785,0
786,0
789,0
790,0
791,0
792,0
795,0
797,0
798,0
799,0
800,0
802,0
805,0
807,0
808,0
811,0
812,0
817,0
821,0
823,0
827,0
829,0
831,0
834,0
836,0
837,0
839,0
840,0
841,0
842,0
844,0
845,0
849,0
850,0
854,0
855,0
856,0
857,0
867,0
871,0
874,0
877,0
881,0
882,0
883,0
885,0
886,0
887,0
888,0
889,0
890,0
891,0
895,0
898,0
901,0
903,0
905,0
907,0
909,0
910,0
911,0
914,0
919,0
922,0
923,0
925,0
926,0
927,0
929,0
930,0
935,0
936,0
937,0
938,0
939,0
940,0
944,0
945,0
947,0
948,0
955,0
957,0
961,0
962,0
963,0
964,0
970,0
971,0
979,0
980,0
981,0
983,0
984,0
990,0
991,0
993,0
995,0
999,0
1002,0
1004,0
1005,0
1007,0
1008,0
1010,0
1011,0
1012,0
1013,0
1014,0
1016,0
1017,0
1018,0
1023,0
1026,0
1027,0
1029,0
1030,0
1032,0
1034,0
1035,0
1037,0
1039,0
1047,0
1048,0
1050,0
1053,0
1054,0
1056,0
1058,0
1060,0
1063,0
1066,0
1067,0
1068,0
1070,0
1071,0
1072,0
1075,0
1079,0
1080,0
1081,0
1083,0
1087,0
1088,0
1090,0
1093,0
1095,0
1102,0
1105,0
1109,0
1112,0
1113,0
1115,0
1117,0
1121,0
1123,0
1126,0
1128,0
1130,0
1131,0
1136,0
1138,0
1140,0
1141,0
1143,0
1145,0
1147,0
1153,0
1154,0
1155,0
1157,0
1161,0
1165,0
1167,0
1170,0
1171,0
1172,0
1173,0
1175,0
1177,0
1179,0
1180,0
1182,0
1184,0
1186,0
1188,0
1189,0
1192,0
1198,0
1200,0
1201,0
1203,0
1216,0
1219,0
1222,0
1224,0
1227,0
1228,0
1229,0
1230,0
1232,0
1233,0
1235,0
1236,0
1237,0
1239,0
1240,0
1242,0
1243,0
1244,0
1245,0
1250,0
1251,0
1254,0
1259,0
1261,0
1262,0
1264,0
1265,0
1268,0
1269,0
1271,0
1273,0
1275,0
1280,0
1286,0
1289,0
1292,0
1293,0
1294,0
1301,0
1303,0
1306,0
1308,0
1311,0
1316,0
1318,0
1319,0
1320,0
1323,0
1324,0
1325,0
1326,0
1328,0
1329,0
1331,0
1332,0
1334,0
1342,0
1344,0
1351,0
1353,0
1357,0
1359,0
1363,0
1364,0
1369,0
1371,0
1383,0
1384,0
1387,0
1391,0
1393,0
1396,0
1401,0
1403,0
1409,0
1411,0
1415,0
1417,0
1425,0
1428,0
1431,0
1437,0
1440,0
1441,0
1443,0
1445,0
1447,0
1450,0
1452,0
1455,0
1461,0
1462,0
1466,0
1470,0
1476,0
1479,0
1483,0
1486,0
1489,0
1491,0
1499,0
1502,0
1503,0
1504,0
1508,0
1509,0
1511,0
1512,0
1513,0
1516,0
1519,0
1522,0
1525,0
1528,0
1530,0
1533,0
1534,0
1535,0
1540,0
1542,0
1543,0
1544,0
1547,0
1548,0
1557,0
1560,0
1564,0
1566,0
1569,0
1572,0
1574,0
1580,0
1583,0
1584,0
1586,0
1587,0
1600,0
1601,0
1605,0
1607,0
1608,0
1609,0
1611,0
1613,0
1617,0
1627,0
1628,0
1630,0
1632,0
1638,0
1647,0
1649,0
1651,0
1652,0
1653,0
1655,0
1656,0
1660,0
1663,0
1666,0
1667,0
1668,0
1669,0
1670,0
1674,0
1675,0
1680,0
1685,0
1688,0
1691,0
1693,0
1694,0
1698,0
1705,0
1706,0
1709,0
1712,0
1713,0
1714,0
1716,0
1722,0
1724,0
1728,0
1729,0
1736,0
1738,0
1739,0
1741,0
1742,0
1743,0
1744,0
1745,0
1747,0
1748,0
1749,0
1750,0
1751,0
1755,0
1756,0
1757,0
1761,0
1766,0
1771,0
1775,0
1779,0
1782,0
1783,0
1784,0
1785,0
1786,0
1790,0
1793,0
1796,0
1797,0
1805,0
1806,0
1807,0
1809,0
1812,0
1813,0
1815,0
1817,0
1822,0
1824,0
1826,0
1828,0
1829,0
1831,0
1832,0
1833,0
1834,0
1835,0
1836,0
1837,0
1838,0
1839,0
1840,0
1841,0
1843,0
1845,0
1846,0
1847,0
1850,0
1851,0
1854,0
1855,0
1858,0
1859,0
1860,0
1863,0
1864,0
1872,0
1875,0
1879,0
1880,0
1882,0
1885,0
1891,0
1892,0
1893,0
1896,0
1897,0
1898,0
1901,0
1903,0
1904,0
1905,0
1906,0
1907,0
1908,0
1909,0
1910,0
1911,0
1913,0
1914,0
1915,0
1917,0
1920,0
1926,0
1927,0
1930,0
1931,0
1935,0
1940,0
1944,0
1946,0
1951,0
1953,0
1957,0
1959,0
1962,0
1964,0
1965,0
1966,0
1970,0
1971,0
1972,0
1974,0
1976,0
1978,0
1980,0
1981,0
1984,0
1986,0
1989,0
1991,0
1992,0
1993,0
1994,0
1996,0
1998,0
2001,0
2002,0
2013,0
2016,0
2017,0
2021,0
2022,0
2023,0
2024,0
2025,0
2027,0
2032,0
2034,0
2036,0
2039,0
2041,0
2043,0
2045,0
2049,0
2050,0
2058,0
2063,0
2064,0
2065,0
2066,0
2068,0
2072,0
2073,0
2074,0
2075,0
2076,0
2077,0
2078,0
2080,0
2085,0
2088,0
2091,0
2095,0
2096,0
2097,0
2098,0
2099,0
2100,0
2101,0
2105,0
2106,0
2108,0
2109,0
2110,0
2113,0
2117,0
2118,0
2121,0
2122,0
2125,0
2129,0
2133,0
2134,0
2135,0
2137,0
2141,0
2143,0
2144,0
2145,0
2146,0
2148,0
2151,0
2152,0
2154,0
2156,0
2158,0
2159,0
2162,0
2164,0
2169,0
2176,0
2177,0
2178,0
2179,0
2181,0
2183,0
2190,0
2193,0
2194,0
2195,0
2196,0
2202,0
2206,0
2215,0
2216,0
2217,0
2218,0
2219,0
2220,0
2223,0
2224,0
2225,0
2227,0
2228,0
2234,0
2235,0
2237,0
2238,0
2245,0
2252,0
2253,0
2254,0
2255,0
2259,0
2260,0
2261,0
2262,0
2263,0
2265,0
2266,0
2268,0
2269,0
2271,0
2272,0
2282,0
2285,0
2286,0
2288,0
2291,0
2293,0
2294,0
2296,0
2298,0
2299,0
2300,0
2303,0
2305,0
2306,0
2311,0
2312,0
2313,0
2315,0
2316,0
2317,0
2318,0
2327,0
2329,0
2333,0
2334,0
2339,0
2341,0
2346,0
2349,0
2351,0
2353,0
2354,0
2356,0
2357,0
2360,0
2364,0
2365,0
2366,0
2369,0
2373,0
2374,0
2375,0
2377,0
2379,0
2383,0
2385,0
2389,0
2390,0
2395,0
2396,0
2399,0
2400,0
2401,0
2403,0
2404,0
2406,0
2408,0
2409,0
2411,0
2414,0
2415,0
2418,0
2419,0
2421,0
2423,0
2427,0
2430,0
2431,0
2433,0
2437,0
2439,0
2443,0
2444,0
2448,0
2450,0
2451,0
2454,0
2455,0
2458,0
2463,0
2465,0
2469,0
2471,0
2473,0
2474,0
2476,0
2477,0
2479,0
2486,0
2488,0
2490,0
2491,0
2492,0
2496,0
2498,0
2499,0
2502,0
2505,0
2506,0
2507,0
2509,0
2510,0
2515,0
2521,0
2525,0
2527,0
2529,0
2530,0
2531,0
2533,0
2535,0
2537,0
2538,0
2539,0
2541,0
2542,0
2543,0
2544,0
2547,0
2550,0
2551,0
2552,0
2555,0
2558,0
2561,0
2564,0
2567,0
2571,0
2574,0
2578,0
2580,0
2581,0
2582,0
2586,0
2588,0
2590,0
2591,0
2592,0
2594,0
2595,0
2596,0
2601,0
2603,0
2607,0
2608,0
2611,0
2613,0
2619,0
2620,0
2623,0
2624,0
2625,0
2626,0
2627,0
2629,0
2630,0
2632,0
2634,0
2638,0
2642,0
2643,0
2644,0
2647,0
2648,0
2650,0
2652,0
2657,0
2659,0
2663,0
2664,0
2665,0
2667,0
2668,0
2670,0
2672,0
2673,0
2674,0
2675,0
2677,0
2679,0
2690,0
2694,0
2698,0
2699,0
2701,0
2702,0
2703,0
2705,0
2707,0
2711,0
2714,0
2716,0
2723,0
2724,0
2725,0
2726,0
2727,0
2730,0
2731,0
2733,0
2736,0
2738,0
2739,0
2740,0
2742,0
2745,0
2746,0
2747,0
2750,0
2752,0
2754,0
2757,0
2760,0
2764,0
2765,0
2767,0
2770,0
2771,0
2774,0
2779,0
2786,0
2787,0
2790,0
2791,0
2797,0
2799,0
2803,0
2804,0
2807,0
2808,0
2809,0
2810,0
2813,0
2820,0
2824,0
2825,0
2826,0
2828,0
2831,0
2832,0
2833,0
2837,0
2838,0
2839,0
2841,0
2842,0
2843,0
2844,0
2846,0
2849,0
2851,0
2853,0
2857,0
2858,0
2860,0
2862,0
2863,0
2864,0
2865,0
2869,0
2873,0
2876,0
2880,0
2882,0
2886,0
2888,0
2894,0
2902,0
2906,0
2908,0
2909,0
2912,0
2913,0
2914,0
2919,0
2921,0
2923,0
2926,0
2927,0
2929,0
2931,0
2933,0
2934,0
2935,0
2938,0
2940,0
2945,0
2946,0
2949,0
2954,0
2960,0
2961,0
2963,0
2964,0
2966,0
2970,0
2973,0
2975,0
2979,0
2980,0
2981,0
2982,0
2987,0
2989,0
2991,0
2993,0
2995,0
2996,0
2997,0
3002,0
3003,0
3005,0
3008,0
3009,0
3011,0
3013,0
3016,0
3020,0
3021,0
3022,0
3023,0
3027,0
3028,0
3029,0
3031,0
3034,0
3041,0
3042,0
3044,0
3047,0
3049,0
3050,0
3051,0
3059,0
3060,0
3061,0
3063,0
3064,0
3066,0
3071,0
3074,0
3075,0
3076,0
3078,0
3079,0
3083,0
3085,0
3086,0
3087,0
3088,0
3092,0
3093,0
3095,0
3097,0
3098,0
3102,0
3109,0
3111,0
3114,0
3123,0
3125,0
3126,0
3129,0
3130,0
3131,0
3138,0
3140,0
3142,0
3146,0
3151,0
3152,0
3154,0
3159,0
3160,0
3161,0
3162,0
3165,0
3166,0
3171,0
3175,0
3176,0
3178,0
3179,0
3184,0
3186,0
3187,0
3190,0
3192,0
3193,0
3196,0
3198,0
3200,0
3201,0
3202,0
3204,0
3205,0
3206,0
3207,0
3208,0
3209,0
3212,0
3214,0
3221,0
3222,0
3225,0
3229,0
3231,0
3234,0
3237,0
3238,0
3239,0
3240,0
3241,0
3242,0
3246,0
3247,0
3251,0
3253,0
3254,0
3255,0
3257,0
3258,0
3259,0
3260,0
3261,0
3262,0
3263,0
3268,0
3269,0
3272,0
3273,0
3275,0
3278,0
3279,0
3283,0
3286,0
3288,0
3289,0
3294,0
3298,0
3299,0
3300,0
3301,0
3302,0
3303,0
3304,0
3307,0
3310,0
3311,0
3314,0
3318,0
3319,0
3320,0
3322,0
3325,0
3326,0
3327,0
3331,0
3333,0
3334,0
3338,0
3339,0
3340,0
3343,0
3344,0
3345,0
3352,0
3355,0
3357,0
3359,0
3360,0
3363,0
3364,0
3365,0
3367,0
3368,0
3369,0
3371,0
3373,0
3374,0
3375,0
3377,0
3378,0
3384,0
3388,0
3390,0
3393,0
3394,0
3397,0
3402,0
3404,0
3406,0
3409,0
3412,0
3413,0
3414,0
3415,0
3419,0
3420,0
3423,0
3431,0
3433,0
3440,0
3444,0
3445,0
3446,0
3448,0
3449,0
3450,0
3454,0
3455,0
3459,0
3462,0
3463,0
3464,0
3465,0
3468,0
3469,0
3476,0
3479,0
3481,0
3484,0
3488,0
3489,0
3492,0
3495,0
3497,0
3498,0
3499,0
3500,0
3501,0
3502,0
3503,0
3507,0
3510,0
3514,0
3515,0
3516,0
3520,0
3521,0
3524,0
3525,0
3526,0
3527,0
3528,0
3533,0
3534,0
3535,0
3536,0
3538,0
3541,0
3546,0
3549,0
3551,0
3552,0
3553,0
3556,0
3558,0
3559,0
3561,0
3563,0
3566,0
3574,0
3575,0
3578,0
3580,0
3582,0
3585,0
3588,0
3589,0
3593,0
3594,0
3595,0
3599,0
3600,0
3601,0
3603,0
3607,0
3608,0
3610,0
3611,0
3613,0
3615,0
3619,0
3620,0
3621,0
3625,0
3629,0
3630,0
3631,0
3632,0
3634,0
3635,0
3636,0
3638,0
3639,0
3641,0
3642,0
3643,0
3645,0
3658,0
3659,0
3660,0
3661,0
3664,0
3665,0
3667,0
3672,0
3673,0
3674,0
3676,0
3677,0
3682,0
3683,0
3684,0
3687,0
3691,0
3694,0
3696,0
3699,0
3705,0
3708,0
3709,0
3713,0
3714,0
3719,0
3721,0
3724,0
3726,0
3728,0
3729,0
3731,0
3732,0
3733,0
3734,0
3741,0
3742,0
3743,0
3745,0
3749,0
3751,0
3752,0
3758,0
3764,0
3767,0
3771,0
3772,0
3773,0
3774,0
3776,0
3779,0
3784,0
3785,0
3788,0
3789,0
3790,0
3793,0
3796,0
3797,0
3801,0
3804,0
3806,0
3808,0
3815,0
3816,0
3817,0
3818,0
3821,0
3822,0
3823,0
3825,0
3827,0
3828,0
3831,0
3832,0
3833,0
3834,0
3836,0
3838,0
3842,0
3845,0
3849,0
3851,0
3853,0
3855,0
3856,0
3858,0
3859,0
3860,0
3862,0
3864,0
3865,0
3866,0
3869,0
3870,0
3872,0
3873,0
3876,0
3878,0
3880,0
3884,0
3885,0
3888,0
3889,0
3893,0
3896,0
3899,0
3902,0
3904,0
3905,0
3906,0
3912,0
3916,0
3919,0
3921,0
3922,0
3925,0
3930,0
3931,0
3933,0
3934,0
3935,0
3936,0
3939,0
3948,0
3950,0
3951,0
3953,0
3955,0
3956,0
3959,0
3962,0
3965,0
3966,0
3969,0
3973,0
3975,0
3976,0
3983,0
3988,0
3989,0
3990,0
3991,0
3992,0
3993,0
3995,0
3997,0
3998,0
3999,0
4000,0
4001,0
4003,0
4004,0
4005,0
4006,0
4007,0
4008,0
4009,0
4013,0
4015,0
4017,0
4018,0
4019,0
4020,0
4021,0
4024,0
4025,0
4027,0
4028,0
4029,0
4030,0
4031,0
4032,0
4033,0
4035,0
4036,0
4040,0
4045,0
4050,0
4051,0
4053,0
4055,0
4056,0
4067,0
4072,0
4075,0
4076,0
4078,0
4080,0
4081,0
4083,0
4084,0
4089,0
4090,0
4091,0
4092,0
4094,0
4096,0
4097,0
4098,0
4099,0
4101,0
4103,0
4104,0
4107,0
4108,0
4109,0
4111,0
4114,0
4116,0
4124,0
4125,0
4126,0
4129,0
4131,0
4134,0
4139,0
4141,0
4149,0
4150,0
4153,0
4157,0
4158,0
4159,0
4161,0
4162,0
4163,0
4164,0
4165,0
4166,0
4168,0
4173,0
4175,0
4178,0
4179,0
4182,0
4187,0
4191,0
4197,0
4200,0
4202,0
4203,0
4204,0
4206,0
4212,0
4216,0
4219,0
4221,0
4223,0
4226,0
4228,0
4229,0
4231,0
4232,0
4233,0
4235,0
4236,0
4237,0
4238,0
4240,0
4241,0
4244,0
4252,0
4254,0
4255,0
4256,0
4257,0
4259,0
4260,0
4261,0
4264,0
4269,0
4271,0
4272,0
4274,0
4277,0
4278,0
4282,0
4283,0
4284,0
4285,0
4286,0
4287,0
4290,0
4292,0
4295,0
4301,0
4305,0
4307,0
4308,0
4309,0
4311,0
4315,0
4317,0
4318,0
4319,0
4322,0
4323,0
4324,0
4330,0
4331,0
4332,0
4335,0
4336,0
4340,0
4341,0
4342,0
4343,0
4347,0
4348,0
4350,0
4357,0
4358,0
4360,0
4361,0
4365,0
4368,0
4369,0
4370,0
4371,0
4372,0
4375,0
4377,0
4379,0
4385,0
4387,0
4388,0
4392,0
4394,0
4396,0
4397,0
4399,0
4403,0
4404,0
4405,0
4406,0
4407,0
4412,0
4415,0
4416,0
4417,0
4418,0
4421,0
4423,0
4424,0
4425,0
4426,0
4430,0
4431,0
4433,0
4434,0
4435,0
4439,0
4440,0
4441,0
4442,0
4444,0
4447,0
4448,0
4449,0
4452,0
4453,0
4455,0
4462,0
4465,0
4470,0
4472,0
4477,0
4483,0
4485,0
4488,0
4491,0
4492,0
4493,0
4498,0
4499,0
4501,0
4502,0
4504,0
4508,0
4509,0
4510,0
4512,0
4514,0
4520,0
4523,0
4524,0
4526,0
4527,0
4530,0
4531,0
4534,0
4535,0
4537,0
4539,0
4542,0
4544,0
4545,0
4548,0
4550,0
4553,0
4560,0
4561,0
4563,0
4564,0
4565,0
4569,0
4570,0
4572,0
4573,0
4575,0
4576,0
4579,0
4582,0
4585,0
4586,0
4587,0
4588,0
4597,0
4598,0
4600,0
4603,0
4604,0
4605,0
4606,0
4607,0
4609,0
4613,0
4615,0
4616,0
4619,0
4620,0
4621,0
4622,0
4624,0
4626,0
4627,0
4629,0
4631,0
4633,0
4634,0
4636,0
4639,0
4640,0
4641,0
4642,0
4647,0
4648,0
4650,0
4655,0
4656,0
4661,0
4668,0
4670,0
4672,0
4673,0
4679,0
4681,0
4682,0
4685,0
4687,0
4689,0
4690,0
4691,0
4692,0
4695,0
4696,0
4699,0
4704,0
4708,0
4709,0
4712,0
4713,0
4714,0
4715,0
4717,0
4719,0
4722,0
4724,0
4725,0
4728,0
4729,0
4731,0
4734,0
4735,0
4738,0
4740,0
4741,0
4749,0
4750,0
4751,0
4756,0
4759,0
4762,0
4768,0
4770,0
4771,0
4772,0
4774,0
4775,0
4780,0
4782,0
4788,0
4791,0
4795,0
4798,0
4799,0
4800,0
4801,0
4805,0
4806,0
4808,0
4816,0
4817,0
4818,0
4820,0
4821,0
4823,0
4827,0
4831,0
4832,0
4833,0
4836,0
4838,0
4839,0
4840,0
4845,0
4846,0
4847,0
4848,0
4849,0
4851,0
4856,0
4857,0
4861,0
4862,0
4863,0
4864,0
4868,0
4869,0
4870,0
4874,0
4876,0
4878,0
4879,0
4888,0
4889,0
4890,0
4894,0
4895,0
4898,0
4899,0
4900,0
4907,0
4910,0
4911,0
4912,0
4914,0
4917,0
4918,0
4919,0
4920,0
4923,0
4924,0
4925,0
4935,0
4936,0
4937,0
4940,0
4941,0
4942,0
4943,0
4946,0
4948,0
4949,0
4950,0
4959,0
4961,0
4963,0
4965,0
4968,0
4972,0
4973,0
4975,0
4982,0
4983,0
4984,0
4986,0
4987,0
4988,0
4989,0
4991,0
4994,0
4995,0
4996,0
4999,0
5003,0
5007,0
5008,0
5009,0
5010,0
5012,0
5017,0
5019,0
5021,0
5025,0
5026,0
5029,0
5031,0
5032,0
5036,0
5037,0
5038,0
5039,0
5047,0
5051,0
5056,0
5057,0
5058,0
5064,0
5068,0
5069,0
5072,0
5080,0
5083,0
5084,0
5093,0
5097,0
5098,0
5100,0
5103,0
5105,0
5106,0
5107,0
5108,0
5111,0
5115,0
5116,0
5118,0
5124,0
5132,0
5133,0
5136,0
5137,0
5138,0
5145,0
5153,0
5154,0
5155,0
5158,0
5161,0
5163,0
5165,0
5167,0
5172,0
5179,0
5181,0
5183,0
5188,0
5190,0
5191,0
5193,0
5195,0
5196,0
5197,0
5200,0
5201,0
5209,0
5214,0
5217,0
5219,0
5221,0
5223,0
5225,0
5230,0
5231,0
5233,0
5235,0
5236,0
5241,0
5242,0
5243,0
5246,0
5250,0
5252,0
5253,0
5254,0
5259,0
5264,0
5270,0
5274,0
5275,0
5276,0
5277,0
5279,0
5281,0
5282,0
5283,0
5287,0
5289,0
5292,0
5294,0
5295,0
5297,0
5300,0
5303,0
5306,0
5307,0
5309,0
5310,0
5311,0
5313,0
5314,0
5315,0
5320,0
5325,0
5326,0
5327,0
5330,0
5333,0
5334,0
5335,0
5336,0
5337,0
5338,0
5339,0
5341,0
5342,0
5343,0
5345,0
5346,0
5348,0
5350,0
5352,0
5355,0
5358,0
5365,0
5367,0
5368,0
5373,0
5374,0
5377,0
5379,0
5380,0
5382,0
5384,0
5386,0
5387,0
5389,0
5390,0
5392,0
5393,0
5394,0
5395,0
5397,0
5402,0
5404,0
5405,0
5407,0
5408,0
5409,0
5410,0
5413,0
5416,0
5419,0
5420,0
5423,0
5425,0
5431,0
5432,0
5441,0
5442,0
5443,0
5444,0
5447,0
5448,0
5449,0
5451,0
5453,0
5455,0
5457,0
5458,0
5466,0
5467,0
5470,0
5471,0
5472,0
5473,0
5477,0
5479,0
5480,0
5483,0
5485,0
5488,0
5489,0
5490,0
5495,0
5499,0
5503,0
5505,0
5512,0
5514,0
5515,0
5520,0
5521,0
5522,0
5524,0
5528,0
5529,0
5531,0
5534,0
5535,0
5536,0
5537,0
5539,0
5542,0
5545,0
5547,0
5549,0
5551,0
5553,0
5558,0
5559,0
5561,0
5563,0
5564,0
5572,0
5573,0
5574,0
5575,0
5578,0
5582,0
5583,0
5585,0
5592,0
5593,0
5597,0
5603,0
5604,0
5605,0
5610,0
5613,0
5614,0
5616,0
5618,0
5619,0
5623,0
5624,0
5627,0
5629,0
5631,0
5632,0
5635,0
5636,0
5640,0
5642,0
5647,0
5648,0
5651,0
5658,0
5659,0
5660,0
5661,0
5671,0
5673,0
5676,0
5677,0
5678,0
5679,0
5685,0
5690,0
5691,0
5693,0
5694,0
5697,0
5699,0
5700,0
5701,0
5706,0
5707,0
5708,0
5709,0
5711,0
5712,0
5714,0
5717,0
5720,0
5722,0
5724,0
5725,0
5726,0
5727,0
5729,0
5730,0
5732,0
5734,0
5737,0
5741,0
5743,0
5744,0
5745,0
5746,0
5749,0
5751,0
5754,0
5756,0
5758,0
5762,0
5766,0
5767,0
5773,0
5777,0
5778,0
5781,0
5783,0
5785,0
5788,0
5789,0
5792,0
5793,0
5794,0
5797,0
5798,0
5800,0
5802,0
5804,0
5805,0
5806,0
5807,0
5809,0
5811,0
5814,0
5818,0
5819,0
5823,0
5825,0
5828,0
5829,0
5832,0
5836,0
5838,0
5839,0
5841,0
5846,0
5848,0
5849,0
5851,0
5852,0
5853,0
5854,0
5857,0
5860,0
5862,0
5864,0
5865,0
5867,0
5868,0
5874,0
5875,0
5877,0
5880,0
5881,0
5884,0
5886,0
5890,0
5892,0
5893,0
5895,0
5897,0
5899,0
5904,0
5905,0
5906,0
5907,0
5909,0
5910,0
5914,0
5915,0
5916,0
5917,0
5919,0
5924,0
5926,0
5931,0
5933,0
5936,0
5937,0
5939,0
5940,0
5945,0
5947,0
5949,0
5950,0
5951,0
5954,0
5957,0
5960,0
5962,0
5965,0
5969,0
5970,0
5972,0
5973,0
5974,0
5978,0
5980,0
5981,0
5986,0
5987,0
5988,0
5991,0
5992,0
5997,0
5998,0
6000,0
6002,0
6007,0
6008,0
6009,0
6012,0
6017,0
6021,0
6022,0
6024,0
6025,0
6026,0
6028,0
6029,0
6032,0
6035,0
6036,0
6037,0
6038,0
6040,0
6043,0
6045,0
6046,0
6048,0
6054,0
6058,0
6060,0
6061,0
6062,0
6063,0
6067,0
6070,0
6075,0
6076,0
6077,0
6078,0
6079,0
6081,0
6082,0
6086,0
6087,0
6088,0
6090,0
6091,0
6094,0
6096,0
6097,0
6101,0
6104,0
6106,0
6108,0
6110,0
6111,0
6112,0
6114,0
6115,0
6119,0
6120,0
6125,0
6126,0
6127,0
6128,0
6131,0
6132,0
6135,0
6136,0
6137,0
6142,0
6144,0
6145,0
6146,0
6147,0
6151,0
6153,0
6154,0
6156,0
6157,0
6158,0
6159,0
6163,0
6167,0
6168,0
6172,0
6175,0
6176,0
6179,0
6183,0
6187,0
6188,0
6192,0
6193,0
6194,0
6197,0
6198,0
6199,0
6201,0
6204,0
6205,0
6206,0
6207,0
6208,0
6209,0
6210,0
6213,0
6215,0
6217,0
6218,0
6220,0
6224,0
6225,0
6226,0
6228,0
6235,0
6237,0
6241,0
6242,0
6243,0
6244,0
6246,0
6247,0
6250,0
6253,0
6255,0
6259,0
6261,0
6262,0
6263,0
6264,0
6265,0
6267,0
6270,0
6272,0
6273,0
6276,0
6279,0
6284,0
6285,0
6287,0
6288,0
6290,0
6292,0
6293,0
6295,0
6301,0
6304,0
6305,0
6308,0
6314,0
6315,0
6317,0
6318,0
6319,0
6323,0
6324,0
6327,0
6329,0
6332,0
6334,0
6337,0
6339,0
6340,0
6343,0
6344,0
6345,0
6346,0
6349,0
6351,0
6352,0
6357,0
6358,0
6359,0
6360,0
6361,0
6365,0
6366,0
6367,0
6368,0
6369,0
6370,0
6374,0
6377,0
6379,0
6380,0
6382,0
6384,0
6385,0
6387,0
6389,0
6391,0
6393,0
6398,0
6399,0
6404,0
6405,0
6406,0
6407,0
6409,0
6411,0
6415,0
6417,0
6419,0
6420,0
6423,0
6424,0
6426,0
6427,0
6428,0
6430,0
6434,0
6436,0
6438,0
6439,0
6441,0
6442,0
6444,0
6446,0
6448,0
6453,0
6454,0
6455,0
6457,0
6460,0
6461,0
6462,0
6463,0
6465,0
6468,0
6472,0
6473,0
6476,0
6478,0
6479,0
6480,0
6484,0
6486,0
6487,0
6489,0
6492,0
6494,0
6496,0
6498,0
6505,0
6507,0
6509,0
6510,0
6513,0
6514,0
6519,0
6520,0
6521,0
6526,0
6530,0
6531,0
6533,0
6534,0
6535,0
6538,0
6540,0
6543,0
6550,0
6551,0
6556,0
6560,0
6566,0
6568,0
6570,0
6572,0
6574,0
6580,0
6584,0
6587,0
6589,0
6595,0
6597,0
6599,0
6600,0
6603,0
6605,0
6610,0
6612,0
6614,0
6616,0
6617,0
6618,0
6620,0
6623,0
6628,0
6631,0
6633,0
6636,0
6637,0
6638,0
6640,0
6646,0
6648,0
6649,0
6650,0
6652,0
6662,0
6663,0
6664,0
6665,0
6667,0
6671,0
6672,0
6675,0
6676,0
6679,0
6681,0
6682,0
6685,0
6688,0
6689,0
6690,0
6694,0
6695,0
6697,0
6700,0
6701,0
6706,0
6707,0
6709,0
6712,0
6713,0
6714,0
6716,0
6718,0
6719,0
6726,0
6731,0
6734,0
6736,0
6739,0
6740,0
6744,0
6745,0
6746,0
6747,0
6748,0
6750,0
6756,0
6758,0
6760,0
6762,0
6766,0
6767,0
6769,0
6770,0
6772,0
6776,0
6777,0
6779,0
6784,0
6785,0
6786,0
6788,0
6790,0
6792,0
6793,0
6795,0
6796,0
6798,0
6799,0
6801,0
6802,0
6805,0
6809,0
6812,0
6814,0
6815,0
6817,0
6818,0
6819,0
6821,0
6823,0
6824,0
6825,0
6828,0
6829,0
6834,0
6835,0
6837,0
6838,0
6840,0
6841,0
6843,0
6844,0
6850,0
6854,0
6855,0
6860,0
6864,0
6865,0
6868,0
6869,0
6872,0
6873,0
6876,0
6878,0
6882,0
6883,0
6884,0
6889,0
6890,0
6893,0
6896,0
6898,0
6900,0
6902,0
6906,0
6911,0
6913,0
6916,0
6917,0
6926,0
6927,0
6929,0
6932,0
6934,0
6936,0
6938,0
6941,0
6942,0
6943,0
6946,0
6947,0
6948,0
6952,0
6956,0
6961,0
6964,0
6967,0
6969,0
6971,0
6978,0
6981,0
6983,0
6984,0
6985,0
6987,0
6988,0
6991,0
6993,0
6999,0
7002,0
7004,0
7007,0
7009,0
7011,0
7012,0
7013,0
7014,0
7016,0
7018,0
7020,0
7023,0
7027,0
7029,0
7040,0
7045,0
7047,0
7048,0
7053,0
7054,0
7055,0
7056,0
7059,0
7061,0
7062,0
7063,0
7065,0
7067,0
7070,0
7071,0
7073,0
7077,0
7084,0
7086,0
7091,0
7093,0
7095,0
7098,0
7104,0
7108,0
7110,0
7111,0
7117,0
7121,0
7125,0
7127,0
7134,0
7135,0
7138,0
7141,0
7142,0
7144,0
7145,0
7146,0
7147,0
7150,0
7153,0
7154,0
7155,0
7159,0
7160,0
7164,0
7166,0
7169,0
7170,0
7171,0
7172,0
7174,0
7175,0
7176,0
7181,0
7182,0
7185,0
7186,0
7188,0
7191,0
7192,0
7195,0
7196,0
7197,0
7199,0
7200,0
7201,0
7203,0
7207,0
7212,0
7213,0
7220,0
7224,0
7226,0
7228,0
7232,0
7239,0
7241,0
7243,0
7244,0
7246,0
7250,0
7253,0
7259,0
7260,0
7261,0
7262,0
7265,0
7266,0
7267,0
7269,0
7270,0
7271,0
7277,0
7278,0
7279,0
7282,0
7284,0
7286,0
7287,0
7289,0
7294,0
7298,0
7300,0
7301,0
7302,0
7303,0
7304,0
7306,0
7307,0
7309,0
7313,0
7318,0
7321,0
7326,0
7330,0
7339,0
7341,0
7343,0
7344,0
7346,0
7348,0
7349,0
7351,0
7353,0
7354,0
7355,0
7358,0
7360,0
7362,0
7364,0
7367,0
7374,0
7375,0
7376,0
7377,0
7379,0
7381,0
7384,0
7386,0
7391,0
7392,0
7399,0
7403,0
7409,0
7414,0
7415,0
7416,0
7417,0
7418,0
7421,0
7425,0
7430,0
7431,0
7433,0
7434,0
7437,0
7438,0
7439,0
7440,0
7442,0
7444,0
7447,0
7448,0
7450,0
7451,0
7456,0
7458,0
7466,0
7468,0
7469,0
7471,0
7475,0
7476,0
7477,0
7479,0
7481,0
7482,0
7486,0
7487,0
7488,0
7490,0
7492,0
7499,0
7508,0
7509,0
7510,0
7512,0
7513,0
7514,0
7517,0
7519,0
7522,0
7526,0
7527,0
7528,0
7529,0
7530,0
7532,0
7535,0
7542,0
7543,0
7545,0
7548,0
7555,0
7560,0
7562,0
7563,0
7564,0
7568,0
7570,0
7572,0
7574,0
7579,0
7581,0
7582,0
7583,0
7585,0
7587,0
7589,0
7590,0
7593,0
7595,0
7602,0
7605,0
7607,0
7610,0
7612,0
7618,0
7619,0
7620,0
7622,0
7623,0
7626,0
7628,0
7632,0
7633,0
7634,0
7636,0
7638,0
7640,0
7643,0
7644,0
7649,0
7652,0
7653,0
7655,0
7657,0
7659,0
7662,0
7663,0
7665,0
7667,0
7670,0
7675,0
7681,0
7683,0
7684,0
7685,0
7691,0
7693,0
7694,0
7697,0
7702,0
7703,0
7704,0
7706,0
7709,0
7710,0
7712,0
7714,0
7716,0
7717,0
7720,0
7721,0
7724,0
7726,0
7728,0
7731,0
7732,0
7735,0
7739,0
7741,0
7744,0
7745,0
7746,0
7749,0
7750,0
7752,0
7753,0
7756,0
7764,0
7769,0
7773,0
7775,0
7778,0
7779,0
7780,0
7782,0
7785,0
7786,0
7791,0
7797,0
7800,0
7803,0
7805,0
7808,0
7811,0
7816,0
7817,0
7818,0
7821,0
7823,0
7825,0
7830,0
7831,0
7832,0
7833,0
7834,0
7835,0
7837,0
7839,0
7841,0
7844,0
7845,0
7846,0
7848,0
7850,0
7851,0
7858,0
7859,0
7860,0
7863,0
7865,0
7869,0
7870,0
7871,0
7872,0
7873,0
7874,0
7876,0
7878,0
7879,0
7882,0
7883,0
7885,0
7888,0
7890,0
7892,0
7896,0
7897,0
7898,0
7899,0
7903,0
7906,0
7907,0
7908,0
7912,0
7914,0
7915,0
7918,0
7927,0
7928,0
7934,0
7935,0
7941,0
7942,0
7944,0
7948,0
7949,0
7951,0
7953,0
7957,0
7958,0
7959,0
7960,0
7965,0
7967,0
7968,0
7969,0
7970,0
7971,0
7972,0
7973,0
7975,0
7981,0
7985,0
7988,0
7990,0
7998,0
7999,0
8006,0
8007,0
8012,0
8014,0
8015,0
8016,0
8018,0
8019,0
8020,0
8021,0
8022,0
8032,0
8034,0
8036,0
8037,0
8038,0
8039,0
8041,0
8044,0
8045,0
8046,0
8047,0
8048,0
8051,0
8052,0
8057,0
8058,0
8059,0
8061,0
8065,0
8066,0
8070,0
8071,0
8072,0
8075,0
8078,0
8079,0
8082,0
8083,0
8084,0
8086,0
8087,0
8088,0
8089,0
8092,0
8093,0
8094,0
8095,0
8098,0
8103,0
8106,0
8107,0
8108,0
8110,0
8113,0
8115,0
8116,0
8117,0
8118,0
8120,0
8121,0
8124,0
8125,0
8129,0
8131,0
8132,0
8137,0
8139,0
8142,0
8143,0
8145,0
8147,0
8150,0
8151,0
8152,0
8153,0
8156,0
8157,0
8158,0
8159,0
8161,0
8162,0
8167,0
8170,0
8177,0
8178,0
8181,0
8182,0
8187,0
8189,0
8191,0
8194,0
8195,0
8197,0
8200,0
8201,0
8206,0
8210,0
8211,0
8212,0
8214,0
8215,0
8216,0
8217,0
8218,0
8219,0
8221,0
8222,0
8223,0
8224,0
8227,0
8228,0
8230,0
8231,0
8232,0
8233,0
8236,0
8240,0
8242,0
8244,0
8247,0
8251,0
8254,0
8257,0
8259,0
8261,0
8263,0
8264,0
8265,0
8266,0
8267,0
8268,0
8271,0
8272,0
8273,0
8278,0
8279,0
8283,0
8285,0
8294,0
8300,0
8301,0
8302,0
8308,0
8311,0
8312,0
8313,0
8316,0
8317,0
8321,0
8322,0
8325,0
8328,0
8331,0
8332,0
8336,0
8339,0
8347,0
8353,0
8355,0
8357,0
8364,0
8365,0
8366,0
8367,0
8369,0
8373,0
8376,0
8380,0
8382,0
8386,0
8388,0
8392,0
8394,0
8397,0
8398,0
8399,0
8400,0
8402,0
8405,0
8411,0
8413,0
8418,0
8420,0
8421,0
8422,0
8424,0
8425,0
8427,0
8428,0
8429,0
8430,0
8432,0
8435,0
8436,0
8440,0
8441,0
8443,0
8445,0
8446,0
8452,0
8454,0
8455,0
8457,0
8459,0
8461,0
8466,0
8468,0
8474,0
8478,0
8480,0
8481,0
8482,0
8487,0
8488,0
8489,0
8490,0
8495,0
8498,0
8500,0
8504,0
8505,0
8508,0
8511,0
8513,0
8516,0
8517,0
8518,0
8520,0
8521,0
8523,0
8525,0
8526,0
8527,0
8530,0
8531,0
8532,0
8534,0
8537,0
8539,0
8540,0
8544,0
8545,0
8547,0
8548,0
8553,0
8554,0
8556,0
8560,0
8561,0
8562,0
8563,0
8564,0
8565,0
8566,0
8568,0
8571,0
8572,0
8573,0
8574,0
8576,0
8578,0
8579,0
8580,0
8582,0
8583,0
8584,0
8586,0
8591,0
8593,0
8595,0
8596,0
8605,0
8606,0
8609,0
8627,0
8630,0
8635,0
8636,0
8637,0
8640,0
8641,0
8642,0
8645,0
8646,0
8648,0
8649,0
8650,0
8652,0
8653,0
8656,0
8659,0
8660,0
8667,0
8671,0
8672,0
8674,0
8675,0
8677,0
8679,0
8680,0
8683,0
8685,0
8691,0
8694,0
8695,0
8696,0
8697,0
8700,0
8702,0
8704,0
8709,0
8710,0
8713,0
8715,0
8719,0
8720,0
8721,0
8722,0
8723,0
8727,0
8728,0
8730,0
8731,0
8732,0
8734,0
8735,0
8736,0
8737,0
8739,0
8742,0
8744,0
8747,0
8748,0
8749,0
8750,0
8755,0
8761,0
8765,0
8767,0
8774,0
8775,0
